Votes%,Movie,Movie Hall,Actor,Language,Genre
85,Mission: Impossible – Fallout,In Orbit Mall,Tom Cruise,English,"Action,Adventure,Thriller"
85,Mission: Impossible – Fallout,Forum Mall,Tom Cruise,English,"Action,Adventure,Thriller"
85,Mission: Impossible – Fallout,Manjeera Mall,Tom Cruise,English,"Action,Adventure,Thriller"
85,Mission: Impossible – Fallout,"INOX, GVK One",Tom Cruise,English,"Action,Adventure,Thriller"
85,Mission: Impossible – Fallout,"PVR, Panjagutta",Tom Cruise,English,"Action,Adventure,Thriller"
85,Mission: Impossible – Fallout,PVR ICON,Tom Cruise,English,"Action,Adventure,Thriller"
85,Mission: Impossible – Fallout,PVR Next Galleria,Tom Cruise,English,"Action,Adventure,Thriller"
85,Mission: Impossible – Fallout,"IMAX, Prasads",Tom Cruise,English,"Action,Adventure,Thriller"
73,Srinivasa Kalyanam,In Orbit Mall,Nithin,Telugu,"Drama,Family,Romance"
73,Srinivasa Kalyanam,Forum Mall,Nithin,Telugu,"Drama,Family,Romance"
73,Srinivasa Kalyanam,Manjeera Mall,Nithin,Telugu,"Drama,Family,Romance"
73,Srinivasa Kalyanam,"INOX, GVK One",Nithin,Telugu,"Drama,Family,Romance"
73,Srinivasa Kalyanam,"PVR, Panjagutta",Nithin,Telugu,"Drama,Family,Romance"
73,Srinivasa Kalyanam,PVR ICON,Nithin,Telugu,"Drama,Family,Romance"
73,Srinivasa Kalyanam,PVR Next Galleria,Nithin,Telugu,"Drama,Family,Romance"
73,Srinivasa Kalyanam,"IMAX, Prasads",Nithin,Telugu,"Drama,Family,Romance"
73,Srinivasa Kalyanam,Asian GPR Multiplex,Nithin,Telugu,"Drama,Family,Romance"
89,Goodachari,In Orbit Mall,Adivi Sesh,Telugu,"Action,Drama"
89,Goodachari,Forum Mall,Adivi Sesh,Telugu,"Action,Drama"
89,Goodachari,Manjeera Mall,Adivi Sesh,Telugu,"Action,Drama"
89,Goodachari,"INOX, GVK One",Adivi Sesh,Telugu,"Action,Drama"
89,Goodachari,"PVR, Panjagutta",Adivi Sesh,Telugu,"Action,Drama"
89,Goodachari,PVR ICON,Adivi Sesh,Telugu,"Action,Drama"
89,Goodachari,Bramarabha,Adivi Sesh,Telugu,"Action,Drama"
89,Goodachari,"IMAX, Prasads",Adivi Sesh,Telugu,"Action,Drama"
66,Vishwaroopam 2,In Orbit Mall,Kamal Hasan,Telugu,"Action,Thriller"
66,Vishwaroopam 2,Forum Mall,Kamal Hasan,Telugu,"Action,Thriller"
66,Vishwaroopam 2,Manjeera Mall,Kamal Hasan,Telugu,"Action,Thriller"
66,Vishwaroopam 2,"INOX, GVK One",Kamal Hasan,Telugu,"Action,Thriller"
66,Vishwaroopam 2,"PVR, Panjagutta",Kamal Hasan,Telugu,"Action,Thriller"
66,Vishwaroopam 2,Laxmikala,Kamal Hasan,Telugu,"Action,Thriller"
66,Vishwaroopam 2,Mallikarjuna,Kamal Hasan,Telugu,"Action,Thriller"
66,Vishwaroopam 2,"IMAX, Prasads",Kamal Hasan,Telugu,"Action,Thriller"
79,The Meg,In Orbit Mall,Jason Statham,English,"Action,Horror,Scifi"
79,The Meg,Forum Mall,Jason Statham,English,"Action,Horror,Scifi"
79,The Meg,Manjeera Mall,Jason Statham,English,"Action,Horror,Scifi"
79,The Meg,"INOX, GVK One",Jason Statham,English,"Action,Horror,Scifi"
79,The Meg,"PVR, Panjagutta",Jason Statham,English,"Action,Horror,Scifi"
79,The Meg,Laxmikala,Jason Statham,English,"Action,Horror,Scifi"
79,The Meg,Mallikarjuna,Jason Statham,English,"Action,Horror,Scifi"
79,The Meg,"IMAX, Prasads",Jason Statham,English,"Action,Horror,Scifi"
83,Mulk,In Orbit Mall,Rishi Kapoor,Hindi,Drama
83,Mulk,Forum Mall,Rishi Kapoor,Hindi,Drama
83,Mulk,Manjeera Mall,Rishi Kapoor,Hindi,Drama
83,Mulk,"INOX, GVK One",Rishi Kapoor,Hindi,Drama
83,Mulk,"PVR, Panjagutta",Rishi Kapoor,Hindi,Drama
83,Mulk,Laxmikala,Rishi Kapoor,Hindi,Drama
83,Mulk,Mallikarjuna,Rishi Kapoor,Hindi,Drama
83,Mulk,"IMAX, Prasads",Rishi Kapoor,Hindi,Drama
82,Karwaan,In Orbit Mall,Dulquer Salmaan,Hindi,Drama
82,Karwaan,Forum Mall,Dulquer Salmaan,Hindi,Drama
82,Karwaan,Manjeera Mall,Dulquer Salmaan,Hindi,Drama
82,Karwaan,"INOX, GVK One",Dulquer Salmaan,Hindi,Drama
82,Karwaan,"PVR, Panjagutta",Dulquer Salmaan,Hindi,Drama
82,Karwaan,Laxmikala,Dulquer Salmaan,Hindi,Drama
82,Karwaan,Mallikarjuna,Dulquer Salmaan,Hindi,Drama
82,Karwaan,"IMAX, Prasads",Dulquer Salmaan,Hindi,Drama
77,RX 100,In Orbit Mall,Karthikeya,Telugu,"Action,Romance"
77,RX 100,Forum Mall,Karthikeya,Telugu,"Action,Romance"
77,RX 100,Manjeera Mall,Karthikeya,Telugu,"Action,Romance"
77,RX 100,"INOX, GVK One",Karthikeya,Telugu,"Action,Romance"
77,RX 100,"PVR, Panjagutta",Karthikeya,Telugu,"Action,Romance"
77,RX 100,Laxmikala,Karthikeya,Telugu,"Action,Romance"
77,RX 100,Mallikarjuna,Karthikeya,Telugu,"Action,Romance"
77,RX 100,Gokul,Karthikeya,Telugu,"Action,Romance"
84,Christopher Robin,In Orbit Mall,Ewan McGregor,English,"Adventure,Animation,Fantacy"
84,Christopher Robin,Forum Mall,Ewan McGregor,English,"Adventure,Animation,Fantacy"
84,Christopher Robin,Manjeera Mall,Ewan McGregor,English,"Adventure,Animation,Fantacy"
84,Christopher Robin,"INOX, GVK One",Ewan McGregor,English,"Adventure,Animation,Fantacy"
84,Christopher Robin,"PVR, Panjagutta",Ewan McGregor,English,"Adventure,Animation,Fantacy"
84,Christopher Robin,Tivoli,Ewan McGregor,English,"Adventure,Animation,Fantacy"
84,Christopher Robin,Carnival,Ewan McGregor,English,"Adventure,Animation,Fantacy"
84,Christopher Robin,"IMAX, Prasads",Ewan McGregor,English,"Adventure,Animation,Fantacy"
75,Chi La Sow,In Orbit Mall,Sushanth,Telugu,"Drama,Romance"
75,Chi La Sow,Forum Mall,Sushanth,Telugu,"Drama,Romance"
75,Chi La Sow,Manjeera Mall,Sushanth,Telugu,"Drama,Romance"
75,Chi La Sow,"INOX, GVK One",Sushanth,Telugu,"Drama,Romance"
75,Chi La Sow,"PVR, Panjagutta",Sushanth,Telugu,"Drama,Romance"
75,Chi La Sow,Laxmikala,Sushanth,Telugu,"Drama,Romance"
75,Chi La Sow,Mallikarjuna,Sushanth,Telugu,"Drama,Romance"
75,Chi La Sow,Gokul,Sushanth,Telugu,"Drama,Romance"
87,Sanju,In Orbit Mall,Ranbir Kapoor,Hindi,"Drama,Biography"
87,Sanju,Forum Mall,Ranbir Kapoor,Hindi,"Drama,Biography"
87,Sanju,Manjeera Mall,Ranbir Kapoor,Hindi,"Drama,Biography"
87,Sanju,"INOX, GVK One",Ranbir Kapoor,Hindi,"Drama,Biography"
87,Sanju,"PVR, Panjagutta",Ranbir Kapoor,Hindi,"Drama,Biography"
87,Sanju,Laxmikala,Ranbir Kapoor,Hindi,"Drama,Biography"
87,Sanju,Mallikarjuna,Ranbir Kapoor,Hindi,"Drama,Biography"
87,Sanju,"IMAX, Prasads",Ranbir Kapoor,Hindi,"Drama,Biography"
87,Incredibles2,In Orbit Mall,Craig T. Nelson,English,"Adventure,Animation,Action"
87,Incredibles2,Forum Mall,Craig T. Nelson,English,"Adventure,Animation,Action"
87,Incredibles2,Manjeera Mall,Craig T. Nelson,English,"Adventure,Animation,Action"
87,Incredibles2,"INOX, GVK One",Craig T. Nelson,English,"Adventure,Animation,Action"
87,Incredibles2,"PVR, Panjagutta",Craig T. Nelson,English,"Adventure,Animation,Action"
87,Incredibles2,Tivoli,Craig T. Nelson,English,"Adventure,Animation,Action"
87,Incredibles2,Carnival,Craig T. Nelson,English,"Adventure,Animation,Action"
87,Incredibles2,"IMAX, Prasads",Craig T. Nelson,English,"Adventure,Animation,Action"
